Gene,Avg_TPM_Without_Neo,Avg_TPM_With_Neo,Ratio_Without_With,Log2_Ratio,,,
BCAT1,40.77142857,0.1,0.002452698,-8.671414109,-2.610355929,,
OR51E1,17.02631579,0.1,0.005873261,-7.411622238,-2.231120684,,
SSX3,15.15882353,0.1,0.006596818,-7.244013762,-2.180665497,,
TAP1,13.51388889,0.1,0.007399794,-7.078298893,-2.130780344,,
CCKBR,11.88064516,0.1,0.008417051,-6.8924692,-2.074840025,,
ATP10D,11.06857143,0.1,0.00903459,-6.790325062,-2.044091572,,
TSPAN18,11.05714286,0.1,0.009043928,-6.788834675,-2.043642921,,
NNMT,11.04375,0.1,0.009054895,-6.787086165,-2.043116567,,
ESRP1,95.24166667,1,0.010499606,-6.573520825,-1.978826987,,
WDR72,9.309677419,0.1,0.010741511,-6.54065914,-1.968934633,,
PLXNA2,27.18333333,0.3,0.011036174,-6.501615935,-1.957181456,,
DCAF4L2,8.5,0.1,0.011764706,-6.409390814,-1.929418926,,
NCAM2,15.86896552,0.2,0.012603216,-6.310064159,-1.899518621,,
EHD2,23.24444444,0.3,0.01290631,-6.275779522,-1.889197916,,
PCDH7,7.58125,0.1,0.013190437,-6.244363726,-1.879740818,,
PASD1,7.557894737,0.1,0.013231198,-6.239912412,-1.878400839,,
INHBA,7.185714286,0.1,0.013916501,-6.167059564,-1.856469945,,
PPP2R2B,7.15,0.1,0.013986014,-6.159871234,-1.854306042,,
DST,29.72777778,0.5,0.016819286,-5.893739632,-1.774192442,,
PREX2,5.656521739,0.1,0.017678709,-5.821843209,-1.752549461,,
RYR2,5.116666667,0.1,0.019543974,-5.677132271,-1.708987125,,
GRIA1,10.136,0.2,0.01973165,-5.663344546,-1.704836606,,
CNGB1,4.880769231,0.1,0.020488574,-5.609036566,-1.688488274,,
SLC8A3,4.330769231,0.1,0.023090586,-5.436551332,-1.636565043,,
TSHZ3,4.015789474,0.1,0.024901704,-5.327611676,-1.603770937,,
USH1C,7.646428571,0.2,0.026156002,-5.256714103,-1.58242864,,
NEDD9,3.697058824,0.1,0.027048528,-5.20830604,-1.567856361,,
TRPM8,18.03142857,0.5,0.027729361,-5.172441744,-1.557060132,,
PDE1C,6.439393939,0.2,0.031058824,-5.00885296,-1.507814999,,
ARSI,3.183333333,0.1,0.031413613,-4.992466282,-1.502882117,,
PLIN3,25.41666667,0.8,0.03147541,-4.989630981,-1.502028606,,
CHAT,3.142105263,0.1,0.031825796,-4.973659563,-1.49722073,,
PLIN5,3.132352941,0.1,0.031924883,-4.969174829,-1.495870691,,
RTL1,12.26,0.4,0.032626427,-4.937815125,-1.486430479,,
GDF15,29.49722222,1,0.033901497,-4.882507153,-1.46978112,,
ZIM2,2.85,0.1,0.035087719,-4.832889974,-1.45484486,,
NLRP5,5.7,0.2,0.035087719,-4.832889973,-1.45484486,,
MMD2,2.311538462,0.1,0.043261231,-4.53078143,-1.363901124,,
SLC5A5,2.147826087,0.1,0.046558704,-4.424805245,-1.331999113,,
TMPRSS11E,1.835714286,0.1,0.054474708,-4.198269601,-1.263805088,,
P2RX7,1.787096774,0.1,0.055956679,-4.159545831,-1.252148071,,
SLC30A8,1.764705882,0.1,0.056666667,-4.141355825,-1.246672334,,
TXK,1.64137931,0.1,0.06092437,-4.036836745,-1.215208955,,
SLC35F4,6.214285714,0.4,0.064367816,-3.957516646,-1.191331226,,
TBX3,74.38285714,5,0.06721979,-3.894970143,-1.172502852,,
DUSP13,1.478947368,0.1,0.067615658,-3.886498786,-1.169952719,,
GPR4,1.46,0.1,0.068493151,-3.867896444,-1.164352856,,
CSPG4,2.677142857,0.2,0.07470651,-3.742622202,-1.126641551,,
TMEM63C,26.71714286,2,0.074858304,-3.739693809,-1.125760017,,
ANPEP,2.655882353,0.2,0.07530454,-3.731119318,-1.123178838,,
NOTCH1,13.27647059,1,0.075321223,-3.730799748,-1.123082638,,
GPC5,1.234375,0.1,0.081012658,-3.625708826,-1.091447118,,
KISS1R,7.854285714,0.7,0.089123318,-3.488053237,-1.050008656,,
MICALL2,8.961111111,0.8,0.089274644,-3.485605706,-1.049271875,,
SLC12A1,1.107407407,0.1,0.090301003,-3.469114157,-1.044307425,,
ZFPM2,8.8,0.8,0.090909091,-3.459431603,-1.041392685,,
NRK,4.335714286,0.4,0.092257002,-3.438197769,-1.035000664,,
PPM1J,2.078125,0.2,0.096240601,-3.377210516,-1.016641672,,
CHD5,20.55555556,2,0.097297297,-3.361456444,-1.011899223,,
MDGA2,2.013636364,0.2,0.099322799,-3.331731256,-1.00295105,,
CDH7,8.877419355,0.9,0.101380814,-3.302143429,-0.994044226,,
TRPM6,1.97037037,0.2,0.101503759,-3.30039492,-0.993517873,,
SLC5A1,1.943333333,0.2,0.102915952,-3.280461464,-0.987517305,,
SYTL2,9.563888889,1,0.104559977,-3.257597356,-0.980634522,,
SLC6A19,0.95,0.1,0.105263158,-3.247927501,-0.977723606,,
GRB14,9.197222222,1,0.108728481,-3.201198186,-0.96365668,,
SLC9A2,0.891176471,0.1,0.112211221,-3.155711131,-0.949963712,,
OR51B4,2.644444444,0.3,0.113445378,-3.139930249,-0.945213193,,
DOCK6,6.055555556,0.7,0.11559633,-3.112832484,-0.937055953,,
FSIP2,1.726470588,0.2,0.115843271,-3.10975384,-0.936129189,,
ADAMTS9,0.8,0.1,0.125,-2.99999999,-0.903089988,,
LRRN4,2.3375,0.3,0.128342246,-2.961931949,-0.891630365,,
TMEM8B,7.788888889,1,0.128388017,-2.961417527,-0.891475509,,
NLGN1,7.782857143,1,0.128487518,-2.960299865,-0.891139059,,
HK3,0.765517241,0.1,0.13063063,-2.936434862,-0.883954977,,
ADAM8,1.477777778,0.2,0.135338346,-2.885357424,-0.868579136,,
DYNC1I1,36.73888889,5,0.136095569,-2.877307984,-0.866156013,,
TGFB1I1,7.205555556,1,0.138781804,-2.849109658,-0.857667471,,
MUC4,2.117647059,0.3,0.141666667,-2.819427745,-0.848732325,,
CRYZ,33.11111111,5,0.151006711,-2.727315415,-0.82100375,,
AANAT,1.891176471,0.3,0.158631415,-2.656249577,-0.799610801,,
TRPM2,4.233333333,0.7,0.165354331,-2.596367256,-0.781584426,,
MGAT4C,2.356521739,0.4,0.169741697,-2.558587077,-0.770211459,,
DDX60L,5.833333333,1,0.171428571,-2.544320508,-0.765916794,,
PLEKHF1,2.313888889,0.4,0.172869148,-2.532247676,-0.762282509,,
ALDH1L1,0.568,0.1,0.176056338,-2.505890924,-0.754348336,,
PILRA,3.388888889,0.6,0.17704918,-2.497777923,-0.75190608,,
HFE,2.25,0.4,0.177777778,-2.491853089,-0.750122527,,
SCNN1B,4.28,0.8,0.186915888,-2.419538884,-0.728353782,,
DEFA6,1.042857143,0.2,0.191780822,-2.382469631,-0.717194825,,
PXDN,31.26285714,6,0.191921038,-2.38141522,-0.716877416,,
PODN,1.556,0.3,0.192802056,-2.374807648,-0.714888338,,
IRS1,9.986111111,2,0.200278164,-2.319922952,-0.698366398,,
PGBD5,29.76666667,6,0.201567749,-2.310663262,-0.695578954,,
FOXA3,3.964705882,0.8,0.201780415,-2.309141933,-0.695120988,,
MYO18B,0.467857143,0.1,0.213740458,-2.226068076,-0.670113265,,
CACNB2,4.613888889,1,0.216736905,-2.205983255,-0.664067132,,
CPS1,1.814285714,0.4,0.220472441,-2.181329759,-0.65664569,,
TGFBR3L,2.705555556,0.6,0.221765914,-2.172890454,-0.654105206,,
TGM3,3.1375,0.7,0.22310757,-2.164188626,-0.651485695,,
GDPD3,4.236111111,1,0.236065574,-2.082740425,-0.626967343,,
PCDHGA2,0.841176471,0.2,0.237762237,-2.072408491,-0.623857121,,
SPIB,2.074074074,0.5,0.241071428,-2.052467415,-0.617854259,,
SLC5A4,0.817647059,0.2,0.244604316,-2.031478227,-0.611535884,,
ZNF804B,0.40625,0.1,0.246153846,-2.022367811,-0.608793375,,
DAPK1,19.07096774,5,0.26217862,-1.931378049,-0.581402727,,
LINC00955,0.758823529,0.2,0.263565891,-1.923764411,-0.579110794,,
TMEM169,15.16666667,4,0.263736264,-1.922832134,-0.578830151,,
IL13RA2,1.084615385,0.3,0.276595744,-1.85414913,-0.558154506,,
FSCN2,3.536111111,1,0.282796544,-1.822163603,-0.548525903,,
HS3ST2,1.414285714,0.4,0.282828283,-1.822001694,-0.548477164,,
CALCR,0.696428571,0.2,0.287179487,-1.799975389,-0.541846585,,
PRSS53,3.455555556,1,0.289389067,-1.788917669,-0.53851788,,
NBPF14,0.342857143,0.1,0.291666666,-1.777607578,-0.535113203,,
MGAM,0.68125,0.2,0.293577981,-1.768184322,-0.53227652,,
FREM1,2.68125,0.8,0.298368298,-1.744833833,-0.525247323,,
FAM135B,3.320833333,1,0.301129235,-1.731545314,-0.52124708,,
HERC3,13.27777778,4,0.30125523,-1.730941802,-0.521065405,,
C9orf43,1.975,0.6,0.303797468,-1.718818243,-0.51741585,,
KLK10,0.984210526,0.3,0.304812834,-1.714004442,-0.515966751,,
DNAH6,0.957692308,0.3,0.313253012,-1.67459971,-0.504104745,,
TDRD7,18.66666667,6,0.321428571,-1.637429916,-0.492915522,,
KLHDC8B,15.24722222,5,0.327928584,-1.608546428,-0.484220726,,
LACTB,12.11111111,4,0.330275229,-1.598259319,-0.481123997,,
VANGL2,60.25714286,20,0.331910858,-1.591132264,-0.47897854,,
AVIL,45.02777778,15,0.333127699,-1.585852774,-0.477389255,,
CYP27B1,5.861111111,2,0.341232227,-1.551174183,-0.466949959,,
SVEP1,1.438709677,0.5,0.347533632,-1.524775491,-0.459003161,,
NYAP2,5.717241379,2,0.349819059,-1.515319198,-0.456156533,,
PROKR2,0.570588235,0.2,0.350515463,-1.512449999,-0.455292818,,
NOS3,1.414285714,0.5,0.353535353,-1.5000736,-0.451567151,,
GCKR,0.27826087,0.1,0.359374999,-1.476438045,-0.44445214,,
SELPLG,0.833333333,0.3,0.36,-1.473931186,-0.4436975,,
F13A1,0.273333333,0.1,0.365853657,-1.45066141,-0.436692599,,
SALL4,8.114705882,3,0.369699166,-1.435576301,-0.432151529,,
E2F7,50.71428571,19,0.374647887,-1.416392775,-0.426376712,,
RBM38,125.4166667,47,0.374750831,-1.415996415,-0.426257396,,
GAA,69.11111111,26,0.376205788,-1.410406047,-0.424574527,,
DEF6,7.719444444,3,0.388629003,-1.363534519,-0.410464791,,
AGBL3,2.522222222,1,0.396475771,-1.334695388,-0.401783348,,
MS4A12,0.5,0.2,0.399999999,-1.321928094,-0.39794001,,
SCN4A,0.614285714,0.25,0.406976744,-1.296981737,-0.390430408,,
RASAL2,14.73055556,6,0.407316613,-1.295777433,-0.390067876,,
INPP5J,9.763888889,4,0.409672831,-1.287455874,-0.387562837,,
ABCA9,0.238461538,0.1,0.419354837,-1.253756595,-0.377418343,,
NPR1,1.406060606,0.6,0.426724138,-1.228624373,-0.369852791,,
KAT2B,18.66666667,8,0.428571429,-1.222392418,-0.367976785,,
ZNF680,20.66666667,9,0.435483871,-1.199308805,-0.361027925,,
MYT1L,4.493333333,2,0.445103857,-1.167786088,-0.351538642,,
FOXD4,1.794285714,0.8,0.445859872,-1.16533773,-0.350801613,,
HDC,0.443478261,0.2,0.450980391,-1.148863386,-0.345842341,,
RPUSD2,19.88888889,9,0.452513966,-1.143965771,-0.344368012,,
PLCH1,8.82,4,0.453514739,-1.140778653,-0.343408594,,
LTN1,37.22222222,17,0.456716418,-1.13062944,-0.340353376,,
NT5DC3,19.52777778,9,0.460881935,-1.117530873,-0.336410315,,
KPNA5,15.13888889,7,0.462385321,-1.112832493,-0.334995962,,
TNXB,0.428571429,0.2,0.466666666,-1.099535674,-0.33099322,,
ABCA5,23.49722222,11,0.468140442,-1.094986689,-0.329623839,,
ZNF543,12.80555556,6,0.468546638,-1.093735435,-0.329247174,,
RNASET2,4.211111111,2,0.474934037,-1.074200939,-0.323366705,,
TG,0.21,0.1,0.476190474,-1.070389332,-0.322219297,,
C3orf22,0.413043478,0.2,0.484210525,-1.046293653,-0.314965775,,
GFPT2,1.805555556,0.9,0.498461538,-1.004445903,-0.302368347,,
HYDIN,0.6,0.3,0.499999999,-1,-0.301029996,,
CRELD2,25.61111111,13,0.507592191,-0.978258218,-0.294485068,,
GMIP,17.33333333,9,0.519230769,-0.945552213,-0.28463958,,
ENPP4,38.08333333,20,0.525164114,-0.929159757,-0.279704958,,
CNTN5,1.523076923,0.8,0.525252525,-0.9289169,-0.279631851,,
ASB5,0.757692308,0.4,0.527918781,-0.9216121,-0.277432887,,
SOWAHA,13.10277778,7,0.534237863,-0.904445865,-0.272265335,,
ARHGAP32,44.72222222,24,0.536645963,-0.897957468,-0.270312134,,
MAGEC3,0.735294118,0.4,0.543999999,-0.878321443,-0.264401101,,
NFATC4,12.83888889,7,0.54521852,-0.875093524,-0.2634294,,
NFASC,23.82222222,13,0.545708955,-0.873796373,-0.263038919,,
DNAJC16,14.36111111,8,0.557059961,-0.844095466,-0.254098055,,
GPR155,8.95,5,0.558659218,-0.839959585,-0.252853031,,
CDC42BPG,28.61944444,16,0.559060468,-0.838923759,-0.252541216,,
EME2,14.16666667,8,0.564705882,-0.824428433,-0.248177688,,
SPEG,9.661764706,5.5,0.569254186,-0.812855098,-0.244693767,,
ZNF823,10.52777778,6,0.569920844,-0.811166534,-0.244185459,,
PCDHGA12,0.348484848,0.2,0.573913042,-0.801095933,-0.241153906,,
CSH2,1.733333333,1,0.576923077,-0.793549121,-0.238882089,,
KIAA2026,24.11111111,14,0.580645161,-0.784271307,-0.236089189,,
HDAC9,18.56944444,11,0.59237098,-0.755427128,-0.227406226,,
PRKDC,253.9444444,151,0.594618245,-0.74996436,-0.225761769,,
TEX14,3.341666667,2,0.59850374,-0.740567829,-0.222933131,,
DNAH7,0.5,0.3,0.599999999,-0.736965595,-0.22184875,,
C1S,3.322222222,2,0.602006689,-0.732148576,-0.220398683,,
SEC24B,37.97222222,23,0.605705925,-0.723310568,-0.217738178,,
HTT,35.86111111,22,0.613477924,-0.704916663,-0.212201061,,
CMYA5,0.647222222,0.4,0.61802575,-0.694261143,-0.20899343,,
LHCGR,0.16,0.1,0.624999996,-0.678071912,-0.204119985,,
KLB,1.12,0.7,0.624999999,-0.678071904,-0.204119983,,
CNTRL,28.75,18,0.626086956,-0.675565047,-0.203365344,,
ECT2L,1.102777778,0.7,0.634760705,-0.655715273,-0.197389966,,
HDAC4,11.02777778,7,0.634760705,-0.655715272,-0.197389966,,
WRAP73,31.2,20,0.641025641,-0.641546027,-0.193124598,,
EEF1A2,171.5222222,110,0.641316318,-0.640891976,-0.19292771,,
UGGT2,16.37142857,10.5,0.641361257,-0.640790887,-0.192897279,,
EPHA1,3.115625,2,0.641925777,-0.639521598,-0.192515184,,
KLHL11,20.19444444,13,0.643741403,-0.635446832,-0.191288558,,
DNAJC13,40.25,26,0.645962733,-0.630477158,-0.189792537,,
STXBP3,26.19444444,17,0.648992577,-0.623726116,-0.187760271,,
TRPV3,1.073913043,0.7,0.651821862,-0.617450353,-0.185871078,,
SHANK3,13.76111111,9,0.654016956,-0.612600053,-0.184410992,,
CLCN3,49.88888889,33,0.661469933,-0.596252512,-0.179489892,,
ZP2,0.15,0.1,0.666666662,-0.584962508,-0.176091262,,
CCNY,58.38888889,39,0.6679353,-0.582219732,-0.175265604,,
PODNL1,0.88,0.6,0.681818181,-0.552541023,-0.166331422,,
PDIA5,30.58333333,21,0.686648501,-0.542356327,-0.163265523,,
ADAR,192.1666667,132,0.686903729,-0.541820175,-0.163104126,,
NDRG3,84.27777778,58,0.688200396,-0.539099372,-0.162285082,,
NCOR2,62.33333333,43,0.689839572,-0.535667202,-0.161251896,,
CDO1,14.47142857,10,0.691016782,-0.533207345,-0.160511405,,
MUC19,1.011111111,0.7,0.692307692,-0.530514716,-0.159700843,,
ANO3,1.430769231,1,0.698924731,-0.516790997,-0.155569592,,
SEMA5B,4.281818182,3,0.700636943,-0.513261034,-0.154506967,,
SMAD9,81.25,57,0.701538462,-0.511405892,-0.153948514,,
HIVEP1,11.33333333,8,0.705882353,-0.502500339,-0.151267675,,
NLRC5,2.826470588,2,0.707596254,-0.499001683,-0.150214475,,
CYP2A7,0.14,0.1,0.714285709,-0.485426835,-0.146128039,,
ZNF250,14,10,0.714285714,-0.485426825,-0.146128036,,
CCPG1,4.194444444,3,0.715231788,-0.483517235,-0.145553192,,
LAMA1,5.591666667,4,0.715350223,-0.483278359,-0.145481283,,
KLHL22,27.77777778,20,0.72,-0.473931186,-0.142667504,,
HDLBP,157.8333333,114,0.722280887,-0.469368099,-0.141293877,,
NAA25,34.55555556,25,0.723472669,-0.466989577,-0.140577871,,
NBEAL2,23.47222222,17,0.724260355,-0.465419687,-0.140105287,,
FOXP2,4.123529412,3,0.727532097,-0.458917196,-0.138147842,,
C2orf76,16.44444444,12,0.72972973,-0.454565862,-0.13683796,,
TRIM21,10.94722222,8,0.73077899,-0.452492936,-0.136213947,,
FTH1,281.6111111,206,0.731505228,-0.451059918,-0.135782566,,
LRRC72,0.136363636,0.1,0.733333328,-0.447458986,-0.134698577,,
PNRC1,31.19444444,23,0.737310775,-0.439655253,-0.132349419,,
THADA,13.55555556,10,0.737704918,-0.438884239,-0.132117321,,
GPLD1,5.413888889,4,0.738840431,-0.436665277,-0.131449347,,
NTNG1,6.748387097,5,0.740917782,-0.432614634,-0.130229982,,
NSUN6,18.88888889,14,0.741176471,-0.432111011,-0.130078376,,
PLEKHG4,31.02777778,23,0.741271262,-0.431926511,-0.130022836,,
PLEKHG2,37.61111111,28,0.744460857,-0.425732098,-0.128158132,,
PTPRF,154.3611111,115,0.745006298,-0.424675471,-0.127840056,,
SH2B3,17.44444444,13,0.74522293,-0.424256027,-0.127713791,,
TLR8,0.133333333,0.1,0.749999994,-0.415037508,-0.12493874,,
CRYBG3,23.79166667,18,0.756567426,-0.402459431,-0.121152361,,
GOLGB1,58.05555556,44,0.757894737,-0.399930605,-0.120391109,,
RPTOR,32.94444444,25,0.758853288,-0.398107101,-0.11984218,,
AQR,25.62857143,19.5,0.760869565,-0.394278937,-0.118689787,,
PIK3C2B,22.31666667,17,0.761762509,-0.392586807,-0.118180405,,
RPAP1,27.52777778,21,0.762865792,-0.390498821,-0.117551859,,
ARHGAP5,34,26,0.764705882,-0.387023121,-0.116505569,,
ZFYVE26,12.97222222,10,0.770877944,-0.375425642,-0.11301438,,
LRRC8A,55.36111111,43,0.776718515,-0.364536237,-0.109736342,,
EIF3E,169.8611111,133,0.782992641,-0.352929345,-0.10624232,,
TNRC18,40.66666667,32,0.786885246,-0.345774835,-0.104088598,,
USP34,40.44444444,32,0.791208791,-0.337869637,-0.101708896,,
AVPR1B,1.252,1,0.798722044,-0.324234562,-0.097604329,,
CAMTA1,23.27777778,19,0.816229117,-0.292953917,-0.088187917,,
PIP4K2A,24.19444444,20,0.82663605,-0.274675811,-0.082685659,,
SMARCC2,83.44444444,69,0.82689747,-0.274219638,-0.082548337,,
ALG3,53.91666667,45,0.834621329,-0.260806303,-0.078510521,,
BCAR3,8.333333333,7,0.84,-0.251538765,-0.075720714,,
WDR17,15.41944444,13,0.843091335,-0.246239162,-0.074125374,,
TPRN,20.88888889,18,0.861702128,-0.214738847,-0.064642835,,
EPOR,25.39722222,22,0.866236465,-0.207167188,-0.062363538,,
RAD50,2.302777778,2,0.868516284,-0.203375194,-0.061222034,,
UBA5,34.5,30,0.869565217,-0.20163386,-0.06069784,,
PMAIP1,152.6111111,133,0.871496178,-0.198433756,-0.059734513,,
GALNT16,8.008333333,7,0.87408949,-0.194147102,-0.058444102,,
FUNDC2,23.88888889,21,0.879069767,-0.185950424,-0.055976656,,
C11orf68,46.58333333,41,0.880143113,-0.184189966,-0.055446705,,
KHNYN,30.61944444,27,0.881792615,-0.181488698,-0.054633543,,
COIL,54.02777778,48,0.888431877,-0.170666936,-0.051375868,,
MRPS15,86.58333333,77,0.889316651,-0.169230896,-0.050943576,,
LECT2,1.121428571,1,0.891719744,-0.165337732,-0.049771617,,
PRSS36,1.111111111,1,0.899999999,-0.152003093,-0.045757491,,
FANCF,41.11111111,37,0.9,-0.152003092,-0.045757491,,
OR1J4,0.22,0.2,0.909090905,-0.137503529,-0.041392687,,
IGF1R,22,20,0.909090909,-0.137503522,-0.041392685,,
MOSPD2,17.58333333,16,0.909952607,-0.136136686,-0.040981227,,
RBAK,23.97222222,22,0.917728853,-0.123860128,-0.037285614,,
PTPRK,42.48888889,39,0.917887029,-0.123611491,-0.037210767,,
DHX16,77.22222222,71,0.91942446,-0.121197045,-0.036483946,,
BCL11A,4.329411765,4,0.923913043,-0.114171019,-0.034368902,,
TELO2,48.38888889,45,0.929965557,-0.104750809,-0.031533136,,
RBBP8,106.8888889,100,0.935550936,-0.096111891,-0.028932563,,
NOP58,179.5277778,168,0.935788334,-0.095745851,-0.028822373,,
DICER1,52.25,49,0.937799043,-0.092649286,-0.027890215,,
RAC1,303.7222222,285,0.938357417,-0.091790548,-0.027631709,,
MLLT6,62.75,59,0.940239044,-0.088900503,-0.026761719,,
UBR4,68.02777778,64,0.94079216,-0.088052056,-0.02650631,,
SIVA1,65.47222222,62,0.946966483,-0.07861473,-0.023665392,,
OR6T1,0.211111111,0.2,0.947368417,-0.078002517,-0.023481098,,
TAF2,60.75,58,0.95473251,-0.066831507,-0.020118289,,
JAM3,107.4722222,103,0.95838718,-0.061319483,-0.018459004,,
TNKS,35.41666667,34,0.96,-0.058893688,-0.017728767,,
UQCC2,46.86111111,45,0.960284529,-0.058466159,-0.017600068,,
CSTF1,40.55555556,39,0.961643836,-0.056425432,-0.016985748,,
PJA1,74.88888889,73,0.974777448,-0.036855219,-0.011094527,,
TEX15,8.2,8,0.975609756,-0.035623908,-0.010723865,,
NEDD4L,23.41666667,23,0.982206406,-0.025901862,-0.007797238,,
ABHD3,38.66666667,38,0.982758621,-0.02509098,-0.007553138,,
ENPP1,7.020689655,7,0.997053045,-0.004257833,-0.001281736,,
RNF141,23.05555556,23,0.997590361,-0.003480567,-0.001047756,,
SAMD15,5.008333333,5,0.998336106,-0.002402489,-0.000723222,,
SELP,0.1,0.1,0.99999999,-1.30E-08,-4.34294E-09,,
CSH1,0.1,0.1,0.99999999,-1.30E-08,-4.34294E-09,,
MCM3AP,56.97222222,57,1.000487567,0.000703241,0.000211696,,
BTBD7,25.83333333,26,1.006451613,0.009277815,0.0027929,,
DIP2B,46.69444444,47,1.006543724,0.009409845,0.002832645,,
TRRAP,54.61111111,55,1.007121058,0.01023711,0.003081677,,
ELP4,2.961111111,3,1.013133208,0.018823875,0.005666551,,
TAX1BP1,60.97222222,62,1.016856492,0.024116089,0.007259666,,
GRB2,119.0833333,122,1.024492652,0.034909639,0.010508848,,
VPS13B,19.27777778,20,1.037463977,0.053061245,0.015973026,,
TBRG4,67.38888889,70,1.038746908,0.054844185,0.016509744,,
MCUR1,45.08333333,47,1.042513863,0.06006657,0.018081839,,
SPIN2B,7.641666667,8,1.046892039,0.066112673,0.019901897,,
TIAM2,4.775,5,1.047120419,0.066427363,0.019996628,,
PPA2,38.08333333,40,1.050328228,0.070840242,0.021325037,,
CSNK2B,24.69444444,26,1.052868391,0.074325112,0.022374088,,
TTN,0.98125,1.033333333,1.053078555,0.074613061,0.022460769,,
ZNF280D,5.638888889,6,1.064039409,0.089551586,0.026957713,,
SETBP1,25.24705882,27,1.0694315,0.096844079,0.029152972,,
CEACAM6,9.325714286,10,1.072303921,0.100713866,0.030317894,,
MAPK12,19.5,21,1.076923077,0.106915205,0.032184683,,
ARHGAP35,78.22222222,85,1.086647727,0.11988432,0.036088776,,
CACNA1B,20.17142857,22.05,1.093130312,0.128465396,0.038671937,,
GRM3,0.64,0.7,1.093749998,0.129283016,0.038918065,,
UNC5D,1.825,2,1.09589041,0.132103537,0.039767127,,
IDH3B,139.4722222,155,1.111332404,0.152290398,0.045843978,,
PRIM2,21.58333333,24,1.111969112,0.153116715,0.046092724,,
CAMSAP1,70.83333333,79,1.115294118,0.157424219,0.047389412,,
TONSL,42.68571429,48,1.124497992,0.169281086,0.050958684,,
FSD2,0.131034483,0.15,1.144736833,0.195015973,0.058705657,,
DCAF15,55.83333333,64,1.146268657,0.196945217,0.059286417,,
HEATR5B,31.27777778,36,1.150976909,0.202858892,0.061066611,,
SUPT5H,101.3888889,119,1.17369863,0.231062017,0.069556598,,
GTF2H3,49.86111111,59,1.183286908,0.242799923,0.073090059,,
KIF21A,40.38888889,48,1.188445667,0.249075949,0.074979332,,
FOLH1,0.8375,1,1.194029849,0.255838904,0.077015184,,
PAK2,124.5277778,149,1.196520187,0.258844739,0.07792003,,
AVL9,32.55555556,39,1.197952218,0.260570367,0.078439496,,
FAM200B,27.4,33,1.204379562,0.268290132,0.080763377,,
ZNF536,8.15,10,1.226993865,0.295128037,0.088842391,,
PASK,31.75,39,1.228346457,0.296717533,0.089320877,,
CCKAR,2.408695652,3,1.245487364,0.316710386,0.095339326,,
RAB28,44.80555556,56,1.249845009,0.321749201,0.09685616,,
EXOC2,47.77777778,60,1.255813953,0.328622749,0.098925304,,
KAT8,41.16666667,52,1.263157895,0.337034988,0.101457641,,
UNKL,15,19,1.266666667,0.341036919,0.102662342,,
MAPK13,48.83333333,62,1.269624573,0.344401958,0.10367532,,
PCLO,18.77777778,24,1.278106509,0.354008067,0.106567047,,
SLCO5A1,15.62058824,20,1.280361514,0.356551218,0.107332611,,
NBPF1,12.38888889,16,1.291479821,0.369025103,0.111087625,,
ZNF208,0.773684211,1,1.292517005,0.370183263,0.111436266,,
ALCAM,113.45,147,1.295724989,0.373759547,0.112512835,,
PATL1,84.5,110,1.301775148,0.380480278,0.114535976,,
FGF12,14.48285714,19,1.311895837,0.391653178,0.117899354,,
GON4L,28.83333333,38,1.317919075,0.398261788,0.119888744,,
MAP3K10,22.63888889,30,1.325153374,0.406159349,0.122266147,,
CYFIP1,40.68055556,54,1.3274155,0.408620027,0.123006885,,
OR6F1,0.15,0.2,1.333333324,0.415037491,0.124938734,,
USP42,21.69444444,29,1.336747759,0.418727259,0.126049465,,
DNAH17,1.491666667,2,1.340782122,0.423074818,0.12735821,,
NRCAM,107.3944444,144,1.340851482,0.423149449,0.127380676,,
SDR42E1,9.6375,13,1.348897536,0.431780764,0.129978961,,
GATA6,2.961290323,4,1.350762527,0.433774062,0.130579004,,
BAZ1B,211.2777778,286,1.353668157,0.436874116,0.131512213,,
NDUFA4L2,13.20277778,18,1.363349463,0.447155412,0.134607192,,
ADCY2,4.379166667,6,1.370123691,0.454306143,0.136759776,,
ZAP70,0.364705882,0.5,1.370967738,0.455194623,0.137027235,,
HGF,18.6,25.5,1.370967742,0.455194627,0.137027236,,
UBA6,37.80555556,52,1.375459221,0.459913369,0.138447719,,
UFM1,64.63888889,89,1.376880103,0.461402938,0.138896124,,
ZDHHC16,35.55555556,49,1.378125,0.462706752,0.139288611,,
GTPBP1,48.41666667,67,1.383820998,0.468657339,0.141079916,,
TACR3,0.721052632,1,1.386861312,0.471823524,0.142033033,,
PTEN,17.57142857,24.5,1.394308943,0.479550262,0.144359013,,
GYS1,41.44444444,58,1.399463807,0.484874177,0.145961671,,
CILP2,2.854285714,4,1.401401401,0.486870245,0.146562547,,
CYP7A1,0.141666667,0.2,1.411764696,0.49749965,0.149762317,,
OR1Q1,0.566666667,0.8,1.411764703,0.497499658,0.14976232,,
IFT140,23.30555556,33,1.415971394,0.501792121,0.15105448,,
RBBP6,44.25,63,1.423728814,0.509674374,0.153427274,,
TMED5,31.58333333,45,1.424802111,0.51076156,0.15375455,,
PPIP5K2,17.52777778,25,1.426307448,0.512284997,0.15421315,,
SFT2D1,26.83333333,39,1.453416149,0.539447842,0.162389981,,
AGTPBP1,48.61111111,71,1.460571429,0.546532915,0.164522801,,
ONECUT2,39.48857143,58,1.468779394,0.554617725,0.166956571,,
CLN3,0.544444444,0.8,1.469387752,0.555215156,0.167136416,,
WDHD1,55.75,82,1.470852018,0.556652106,0.167568981,,
GOLGA2,52.88888889,78,1.474789916,0.560509458,0.168730159,,
MAPKAPK5,19.58333333,29,1.480851064,0.56642655,0.170511382,,
KLHL36,25.52777778,38,1.488574537,0.573931465,0.172770586,,
MED13,54.25,81,1.493087558,0.578298771,0.174085276,,
ASB16,8.694444444,13,1.495207668,0.580345873,0.174701515,,
ZSWIM2,0.666666667,1,1.499999998,0.5849625,0.176091258,,
TBC1D32,6.647222222,10,1.504387798,0.58917651,0.177359802,,
ATP8B4,0.663636364,1,1.506849313,0.591535153,0.178069824,,
SHC2,38.48571429,58,1.50705271,0.591729878,0.178128442,,
ADIPOR2,91.08333333,138,1.515096066,0.599409273,0.18044017,,
PARP12,14.48857143,22,1.518438178,0.602588172,0.181397115,,
ZNF595,13.675,21,1.535648994,0.618848496,0.18629196,,
COQ3,42.83333333,66,1.540856031,0.623732072,0.187762063,,
SUCLG1,64.22222222,99,1.541522491,0.62435594,0.187949866,,
ATP2B1,51.16666667,79,1.543973941,0.626648404,0.188639966,,
ERGIC3,94.22222222,146,1.549528302,0.631829107,0.190199513,,
NLRP7,0.128571429,0.2,1.555555543,0.63742991,0.191885523,,
ERCC6,5.75,9,1.565217391,0.646363046,0.194574665,,
HACE1,18.33333333,29,1.581818182,0.661583783,0.199156563,,
PPIL4,66.47222222,106,1.594651066,0.673240775,0.202665667,,
CAMK4,14.90285714,24,1.610429448,0.687445459,0.206941703,,
NCOA5,103.0555556,166,1.610781671,0.687760962,0.207036679,,
ITPK1,37.80555556,61,1.613519471,0.690210988,0.207774211,,
RETSAT,28.5,46,1.614035088,0.690671943,0.207912972,,
CACNA2D4,0.61875,1,1.616161614,0.692571473,0.208484787,,
SPTBN4,9.808571429,16,1.631226332,0.705956971,0.212514224,,
ZNF398,21.41666667,35,1.634241245,0.708620969,0.213316167,,
MAP1S,31.63888889,52,1.643546971,0.716812689,0.21578212,,
MOCOS,3.597222222,6,1.667953667,0.738079215,0.222183983,,
DOCK1,18.57428571,31,1.668974004,0.738961484,0.222449572,,
APAF1,24.33333333,41,1.684931507,0.752689947,0.226582251,,
WSCD2,2.913636364,5,1.716068642,0.779107262,0.234534655,,
ZSCAN20,5.771428571,10,1.732673267,0.79299963,0.238716675,,
FCGBP,2.279411765,4,1.754838709,0.811338436,0.244237206,,
CKS2,709.5833333,1254,1.767234292,0.82149332,0.24729413,,
SDHC,27.58333333,49,1.776435045,0.828984939,0.249549332,,
MPDZ,34.88888889,62,1.777070064,0.829500564,0.249704551,,
SCN3B,10.54411765,19,1.80195258,0.849561047,0.255743358,,
USP2,13.17777778,24,1.821247892,0.864927303,0.260369062,,
FADS3,9.833333333,18,1.830508474,0.872244453,0.262571744,,
C20orf194,9.817647059,18,1.833433193,0.874547699,0.26326509,,
ATRNL1,5.851428571,11,1.879882812,0.910642731,0.274130777,,
SLC39A11,13.5,26,1.925925926,0.945552217,0.284639579,,
TAOK3,7.741666667,15,1.937567276,0.954246405,0.287256791,,
TSPEAR,8.193548387,16,1.952755905,0.965511624,0.29064796,,
BLK,3.566666667,7,1.962616822,0.972778532,0.292835517,,
ITPRIPL2,9.1,18,1.978021978,0.984058457,0.296231113,,
MGAT1,20.47222222,41,2.002713704,1.001956198,0.30161887,,
GBA,36.44444444,73,2.00304878,1.002197556,0.301691526,,
FMO4,2.970588235,6,2.01980198,1.014213859,0.305308793,,
PRKAA2,13.6,28,2.058823529,1.041820176,0.313619123,,
LTBP4,41.66666667,87,2.088,1.062121713,0.319730494,,
PUS1,19.88888889,42,2.111731843,1.078426648,0.324638769,,
NKAIN3,1.4,3,2.142857141,1.099535673,0.330993219,,
CHST1,12.81612903,27.5,2.145733702,1.101471041,0.331575823,,
DUOX1,2.777777778,6,2.159999999,1.111031313,0.334453751,,
DYNC1I2,82.22222222,184,2.237837838,1.162105498,0.349828613,,
PANX1,66.5,149,2.240601504,1.163886086,0.350364623,,
OR2L5,0.133333333,0.3,2.249999983,1.169924991,0.352182515,,
MYO10,30.45555556,69,2.265596498,1.179890941,0.355182565,,
LPIN3,5.502857143,12.5,2.271547248,1.183675314,0.356321774,,
FAR2,15.23055556,35,2.298012037,1.200386356,0.361352299,,
MAST1,36.08888889,83,2.299876847,1.201556611,0.361704581,,
PER2,12.08333333,28,2.317241379,1.212408333,0.364971275,,
MVD,39.80555556,95,2.386601535,1.254957716,0.377779916,,
PABPC1,707.25,1693,2.39377872,1.259289797,0.379084002,,
ZNF624,4.138888889,10,2.416107382,1.272684576,0.383116232,,
MMP26,4.476190476,11,2.457446808,1.29716019,0.390484126,,
NKX2-4,10.82068966,27,2.495219885,1.319166956,0.397108823,,
KCNH8,18.75882353,47,2.505487614,1.325091406,0.39889226,,
LMTK3,3.931428571,10,2.543604651,1.346874452,0.40544961,,
C8orf58,4.275,11,2.573099415,1.363507199,0.410456566,,
PCDHGA4,1.922857143,5,2.600297175,1.378676512,0.415022984,,
UTP20,36.55555556,96,2.626139818,1.392943729,0.419317845,,
PTGIR,0.734782609,2,2.721893487,1.444610613,0.434871126,,
F8,2.202777778,6,2.723833542,1.445638541,0.435180564,,
KLKB1,0.717391304,2,2.787878784,1.479167835,0.445273887,,
ADRA2C,7.9625,24,3.014128728,1.591741034,0.479161796,,
TPTE,1.31875,4,3.033175353,1.600828906,0.481897518,,
RNF135,6.096875,19,3.116350589,1.639857546,0.49364631,,
NRROS,2.82,9,3.191489361,1.674229839,0.503993401,,
COL6A2,10,35,3.5,1.807354922,0.544068044,,
GLI1,1.132352941,4,3.532467529,1.8206763,0.548078178,,
SLC22A1,0.842424242,3,3.561151075,1.832343641,0.551590398,,
WTIP,1.597222222,6,3.756521737,1.909397451,0.574785906,,
EPHB6,3.608695652,14,3.879518071,1.955877447,0.588777779,,
DCP2,33.33333333,131,3.93,1.974529313,0.59439255,,
GAL3ST3,2.69375,11,4.083526681,2.029815654,0.611035397,,
SLC6A17,10.24705882,42,4.098737083,2.035179451,0.612650061,,
TYMP,4.111111111,21,5.108108107,2.352789059,0.70826008,,
PRSS16,7.714705882,44,5.703393061,2.511820463,0.756133303,,
CADPS,16.49032258,106,6.428012519,2.684372739,0.808076714,,
RFX4,1.327586207,9,6.779220774,2.761119455,0.831179778,,
KRT80,13.86666667,96,6.923076923,2.791413378,0.840299157,,
S1PR1,1.520689655,10.55,6.937641719,2.794445338,0.841211868,,
DYSF,0.808571429,6,7.42049469,2.891515368,0.870432859,,
IGSF1,3.133333333,26,8.297872338,3.052741462,0.918966749,,
CPNE5,2.113888889,18,8.515111691,3.090025454,0.930190349,,
PCDH11Y,0.4375,4,9.142857122,3.192645075,0.961081933,,
SCN1A,3.637931034,42,11.54502369,3.529199229,1.062394829,,
ARHGEF38,2.225714286,31,13.92811296,3.799927904,1.14389228,,
TREM1,0.86,18,20.93023253,4.387516435,1.320774053,,
P2RY8,0.717647059,47,65.49180319,6.033242448,1.816186948,,
MYBPC1,0.26,18,69.23076896,6.113341468,1.840299155,,0.62020202